target_id	length	eff_length	est_counts	tpm
gene1_tx1	8	9	0	0
gene1_tx2	13	2	0	0
gene1_tx3	9	10	0	0
gene2_tx1	37	15.7143	0	0
gene2_tx2	19	4.33333	0	0
gene3_tx1	17	3.5	0	0
gene3_tx2	20	5.33333	0	0
gene3_tx3	17	3.5	0	0
gene3_tx4	17	3.5	0	0
