target_id	length	eff_length	est_counts	tpm
gene1_tx1	8	9	11	22
gene1_tx2	13	2	12	24
gene1_tx3	9	10	13	26
gene2_tx1	37	15.7143	14	28
gene2_tx2	19	4.33333	15	30
gene3_tx1	17	3.5	16	32
gene3_tx2	20	5.33333	17	34
gene3_tx3	17	3.5	18	36
gene3_tx4	17	3.5	19	38
